{
  "level": 2,
  "description": "Level 2: 2 operations, 2-3 premises",
  "problems": [
    {
      "natural_language_premises": [
        "If it rains (P), then the ground gets wet (Q).",
        "If the ground is wet (Q), then the plants thrive (R).",
        "It is raining (P)."
      ],
      "hidden_logical_premises": [
        "P → Q",
        "Q → R",
        "P"
      ],
      "natural_language_conclusion": "The plants thrive (R).",
      "hidden_logical_conclusion": "R",
      "expected_operations": 2,
      "description": "Hypothetical Syllogism followed by Modus Ponens",
      "solution": "Translate: P = 'It rains', Q = 'Ground gets wet', R = 'Plants thrive'. Apply Hypothetical Syllogism with P → Q and Q → R to get P → R, then apply Modus Ponens with P to conclude R.",
      "variable_definitions": {
        "P": "it rains",
        "Q": "the ground gets wet",
        "R": "the plants thrive"
      },
      "interpretation_hints": [
        "Chain the conditionals together first",
        "Then apply the known condition"
      ]
    },
    {
      "natural_language_premises": [
        "If the package is fragile (P), then it must be handled carefully (Q).",
        "The package is fragile (P).",
        "If something must be handled carefully (Q), then workers wear gloves (R)."
      ],
      "hidden_logical_premises": [
        "P → Q",
        "P",
        "Q → R"
      ],
      "natural_language_conclusion": "Workers wear gloves (R).",
      "hidden_logical_conclusion": "R",
      "expected_operations": 2,
      "description": "Modus Ponens twice in sequence",
      "solution": "Translate: P = 'Package fragile', Q = 'Handle carefully', R = 'Wear gloves'. Apply Modus Ponens to P → Q and P to get Q. Apply Modus Ponens to Q → R and Q to get R.",
      "variable_definitions": {
        "P": "the package is fragile",
        "Q": "it must be handled carefully",
        "R": "workers wear gloves"
      },
      "interpretation_hints": [
        "First conclusion becomes a premise for next step",
        "Chain the applications together"
      ]
    },
    {
      "natural_language_premises": [
        "If the battery is dead (P), then the phone does not work (Q).",
        "The phone does not work (Q).",
        "If the phone does not work (Q), then we cannot call for help (R)."
      ],
      "hidden_logical_premises": [
        "P → Q",
        "Q",
        "Q → R"
      ],
      "natural_language_conclusion": "We cannot call for help (R).",
      "hidden_logical_conclusion": "R",
      "expected_operations": 2,
      "description": "Two-step implication from consequence",
      "solution": "Translate: P = 'Battery dead', Q = 'Phone broken', R = 'Cannot call help'. Apply Modus Ponens to Q → R and Q to get R.",
      "variable_definitions": {
        "P": "the battery is dead",
        "Q": "the phone does not work",
        "R": "we cannot call for help"
      },
      "interpretation_hints": [
        "The second conditional follows from the first consequence",
        "Apply implications in sequence"
      ]
    },
    {
      "natural_language_premises": [
        "If the contract is signed (P), then work begins (Q).",
        "The contract is signed (P).",
        "If work begins (Q), then the team is assembled (R).",
        "The team is assembled (R) or the project is postponed (S)."
      ],
      "hidden_logical_premises": [
        "P → Q",
        "P",
        "Q → R",
        "R ∨ S"
      ],
      "natural_language_conclusion": "Either the team is assembled or the project is postponed (R ∨ S).",
      "hidden_logical_conclusion": "R ∨ S",
      "expected_operations": 2,
      "description": "Chained Modus Ponens with disjunction",
      "solution": "Translate: P = 'Contract signed', Q = 'Work begins', R = 'Team assembled', S = 'Project postponed'. Apply Modus Ponens to P → Q and P to get Q. Apply Modus Ponens to Q → R to get R. R already satisfies R ∨ S.",
      "variable_definitions": {
        "P": "the contract is signed",
        "Q": "work begins",
        "R": "the team is assembled",
        "S": "the project is postponed"
      },
      "interpretation_hints": [
        "Chain implications to reach R",
        "R makes the final disjunction true"
      ]
    }
  ]
}
