{
    "level": 3,
    "description": "Level 3: 3 operations, 3-4 premises",
    "problems": [
        {
            "premises": [
                "P",
                "Q",
                "R",
                "S"
            ],
            "conclusion": "((P ∧ Q) ∧ R) ∧ S",
            "expected_operations": 3,
            "description": "Chain of Conjunctions",
            "solution": "Apply Conjunction three times: combine \"P\" and \"Q\", then combine with \"R\", finally combine with \"S\"."
        },
        {
            "premises": [
                "P → Q",
                "¬Q ∨ R",
                "¬R"
            ],
            "conclusion": "¬P",
            "expected_operations": 3,
            "description": "Disjunctive Syllogism + Modus Tollens",
            "solution": "Apply Disjunctive Syllogism to \"¬Q ∨ R\" and \"¬R\" to get \"¬Q\", then Modus Tollens with \"P → Q\" to get \"¬P\"."
        }
  ]
}
