{
  "level": 4,
  "description": "Level 4: 3-4 operations, 4-5 premises",
  "problems": [
    {
      "premises": [
        "P ∧ (Q ∨ R)",
        "¬Q",
        "R → S"
      ],
      "conclusion": "P ∧ S",
      "expected_operations": 4,
      "description": "Distributivity + Disjunctive Syllogism + Modus Ponens",
      "solution": "Use Distributivity or extract components: get \"P\" and \"Q ∨ R\", apply Disjunctive Syllogism to get \"R\", Modus Ponens to get \"S\", then Conjunction."
    },
    {
      "natural_language_premises": [
        "If the chemical reaction occurs (P), then heat is generated (Q).",
        "If heat is generated (Q), then the container expands (R).",
        "If the container expands (R), then pressure increases (S).",
        "If pressure increases (S), then a valve opens (T).",
        "If a valve opens (T), then gas is released (U).",
        "The chemical reaction does occur (P).",
        "The lab is evacuated (V)."
      ],
      "hidden_logical_premises": [
        "P → Q",
        "Q → R",
        "R → S",
        "S → T",
        "T → U",
        "P",
        "V"
      ],
      "natural_language_conclusion": "Gas is released (U).",
      "hidden_logical_conclusion": "U",
      "expected_operations": 4,
      "description": "Five-step implication chain",
      "solution": "Translate: P = 'Reaction occurs', Q = 'Heat generated', R = 'Container expands', S = 'Pressure increases', T = 'Valve opens', U = 'Gas released', V = 'Lab evacuated'. Chain all five conditionals using Hypothetical Syllogism four times to get P → U, then apply Modus Ponens with P to conclude U.",
      "variable_definitions": {
        "P": "the chemical reaction occurs",
        "Q": "heat is generated",
        "R": "the container expands",
        "S": "pressure increases",
        "T": "a valve opens",
        "U": "gas is released",
        "V": "the lab is evacuated"
      },
      "interpretation_hints": [
        "Build the entire chain through five implications",
        "Each step depends on the previous",
        "One fact is not needed"
      ]
    },
    {
      "natural_language_premises": [
        "If the student studies consistently (P), then they understand the material (Q).",
        "If they understand the material (Q), then both they pass the exam (R) and feel confident (S).",
        "If they pass the exam (R), then they earn college credit (T).",
        "If they earn college credit (T), then they graduate on time (U).",
        "If they graduate on time (U), then they enter the job market sooner (V).",
        "The student studies consistently (P)."
      ],
      "hidden_logical_premises": [
        "P → Q",
        "Q → (R ∧ S)",
        "R → T",
        "T → U",
        "U → V",
        "P"
      ],
      "natural_language_conclusion": "They enter the job market sooner (V).",
      "hidden_logical_conclusion": "V",
      "expected_operations": 4,
      "description": "Complex chain with compound intermediate step",
      "solution": "Translate: P = 'Studies consistently', Q = 'Understands material', R = 'Passes exam', S = 'Feels confident', T = 'Earns credit', U = 'Graduates on time', V = 'Enters job market'. Apply Modus Ponens to P → Q to get Q. Apply Modus Ponens to Q → (R ∧ S) to get R ∧ S. Extract R, then chain R → T → U → V using Hypothetical Syllogism to get R → V. Apply Modus Ponens to conclude V.",
      "variable_definitions": {
        "P": "the student studies consistently",
        "Q": "they understand the material",
        "R": "they pass the exam",
        "S": "they feel confident",
        "T": "they earn college credit",
        "U": "they graduate on time",
        "V": "they enter the job market sooner"
      },
      "interpretation_hints": [
        "Navigate through compound intermediate results",
        "Extract the needed component to continue the chain",
        "Build a complete logical path"
      ]
    }
  ]
}
