{
  "level": 1,
  "description": "Level 1: 1 operation, max 2 premises - Mix of direct symbols and word analysis",
  "problems": [
	{
	  "premises": [
		"Q ∨ R",
		"¬Q"
	  ],
	  "conclusion": "R",
	  "expected_operations": 1,
	  "description": "Disjunctive Syllogism (variant)",
	  "solution": "Apply Disjunctive Syllogism: from \"Q ∨ R\" and \"¬Q\", conclude \"R\"."
	},
	{
	  "premises": [
		"P ∧ Q"
	  ],
	  "conclusion": "Q ∧ P",
	  "expected_operations": 1,
	  "description": "Commutativity (AND)",
	  "solution": "Apply Commutativity to reorder the conjuncts: \"P ∧ Q\" is equivalent to \"(Q ∧ P)\"."
	},
	{
	  "natural_language_premises": [
		"It is not the case that both the team won (P) and lost (Q)."
	  ],
	  "hidden_logical_premises": ["¬(P ∧ Q)"],
	  "natural_language_conclusion": "Either the team did not win or did not lose (¬P ∨ ¬Q).",
	  "hidden_logical_conclusion": "¬P ∨ ¬Q",
	  "expected_operations": 1,
	  "description": "De Morgan's Law with natural language",
	  "solution": "Translate: P = 'Team won', Q = 'Team lost'. Apply De Morgan's Law: ¬(P ∧ Q) becomes ¬P ∨ ¬Q.",
	  "variable_definitions": {
		"P": "the team won",
		"Q": "the team lost"
	  },
	  "interpretation_hints": ["'Not both' means at least one is false", "This is equivalent to saying 'not one or not the other'"]
	}
  ]
}
