{
  "level": 5,
  "description": "Level 5: 4+ operations, 4-6 premises",
  "problems": [
    {
      "natural_language_premises": [
        "If the architect approves the design (P), then both construction permits are obtained (Q) and materials are ordered (R).",
        "If construction permits are obtained (Q), then site preparation begins (S).",
        "If site preparation begins (S), then equipment is set up (U).",
        "If equipment is set up (U), then workers begin building (V).",
        "The architect approves the design (P)."
      ],
      "hidden_logical_premises": [
        "P → (Q ∧ R)",
        "Q → S",
        "S → U",
        "U → V",
        "P"
      ],
      "natural_language_conclusion": "Workers begin building (V).",
      "hidden_logical_conclusion": "V",
      "expected_operations": 4,
      "description": "Complex multi-branch convergence",
      "solution": "Translate: P = 'Design approved', Q = 'Permits obtained', R = 'Materials ordered', S = 'Site prep begins', U = 'Equipment set up', V = 'Workers building'. Apply Modus Ponens to P → (Q ∧ R) to get Q ∧ R. Extract Q. Chain Q → S → U → V using Hypothetical Syllogism to get Q → V, apply to get V.",
      "variable_definitions": {
        "P": "the architect approves the design",
        "Q": "construction permits are obtained",
        "R": "materials are ordered",
        "S": "site preparation begins",
        "U": "equipment is set up",
        "V": "workers begin building"
      },
      "interpretation_hints": [
        "Handle compound consequents carefully",
        "Follow the path that leads to the conclusion"
      ]
    },
    {
      "natural_language_premises": [
        "Either the patent application is approved (P) or denied (Q).",
        "If the patent is approved (P), then both the invention is protected (R) and licensing opportunities arise (S).",
        "If the invention is protected (R), then competitors cannot copy (T).",
        "If competitors cannot copy (T), then market share is preserved (V).",
        "The patent is not denied (¬Q)."
      ],
      "hidden_logical_premises": [
        "P ∨ Q",
        "P → (R ∧ S)",
        "R → T",
        "T → V",
        "¬Q"
      ],
      "natural_language_conclusion": "Market share is preserved (V).",
      "hidden_logical_conclusion": "V",
      "expected_operations": 4,
      "description": "Disjunctive entry with branching convergence",
      "solution": "Translate: P = 'Patent approved', Q = 'Patent denied', R = 'Invention protected', S = 'License opportunities', T = 'No copying', V = 'Market share preserved'. From P ∨ Q and ¬Q, deduce P. Apply Modus Ponens to P → (R ∧ S) to get R ∧ S. Extract R. Apply Modus Ponens to R → T and T → V to conclude V.",
      "variable_definitions": {
        "P": "the patent application is approved",
        "Q": "it is denied",
        "R": "the invention is protected",
        "S": "licensing opportunities arise",
        "T": "competitors cannot copy",
        "V": "market share is preserved"
      },
      "interpretation_hints": [
        "Eliminate one option from disjunction",
        "Handle compound consequent",
        "Follow the relevant path to the conclusion"
      ]
    },
    {
      "natural_language_premises": [
        "If the software team is hired (P), then both development begins (Q) and testing framework is set up (R).",
        "If development begins (Q), then features are coded (S).",
        "If features are coded (S), then the application is built (T).",
        "If the application is built (T), then performance optimization occurs (V).",
        "The software team is hired (P)."
      ],
      "hidden_logical_premises": [
        "P → (Q ∧ R)",
        "Q → S",
        "S → T",
        "T → V",
        "P"
      ],
      "natural_language_conclusion": "Performance optimization occurs (V).",
      "hidden_logical_conclusion": "V",
      "expected_operations": 5,
      "description": "Parallel development chains converging",
      "solution": "Translate: P = 'Team hired', Q = 'Development begins', R = 'Testing set up', S = 'Features coded', T = 'App built', V = 'Optimization done'. Apply Modus Ponens to P → (Q ∧ R) to get Q ∧ R. Build chain Q → S → T → V. Apply Modus Ponens through the chain to conclude V.",
      "variable_definitions": {
        "P": "the software team is hired",
        "Q": "development begins",
        "R": "the testing framework is set up",
        "S": "features are coded",
        "T": "the application is built",
        "V": "performance optimization occurs"
      },
      "interpretation_hints": [
        "Extract components from compound consequent",
        "Follow the main development track"
      ]
    },
    {
      "natural_language_premises": [
        "Either the manufacturing process is optimized (P) or costs remain high (Q).",
        "If the manufacturing process is optimized (P), then both waste is reduced (R) and efficiency improves (S).",
        "If waste is reduced (R), then material costs decrease (T).",
        "If material costs decrease (T), then the company's expenses drop (V).",
        "The manufacturing process is optimized (P)."
      ],
      "hidden_logical_premises": [
        "P ∨ Q",
        "P → (R ∧ S)",
        "R → T",
        "T → V",
        "P"
      ],
      "natural_language_conclusion": "The company's expenses drop (V).",
      "hidden_logical_conclusion": "V",
      "expected_operations": 4,
      "description": "Disjunctive optimization with competitive outcome",
      "solution": "Translate: P = 'Process optimized', Q = 'Costs high', R = 'Waste reduced', S = 'Efficiency improves', T = 'Material costs drop', V = 'Expenses drop'. P is true, so follow P → (R ∧ S) to get R ∧ S. Build R → T → V. Apply Modus Ponens to conclude V.",
      "variable_definitions": {
        "P": "the manufacturing process is optimized",
        "Q": "costs remain high",
        "R": "waste is reduced",
        "S": "efficiency improves",
        "T": "material costs decrease",
        "V": "the company's expenses drop"
      },
      "interpretation_hints": [
        "Confirm disjunction path is satisfied",
        "Extract compound consequences",
        "Follow the cost reduction path"
      ]
    },
    {
      "natural_language_premises": [
        "If the environmental sustainability initiative is launched (P), then both green technologies are adopted (Q) and employee engagement increases (R).",
        "If employee engagement increases (R), then talent retention improves (T).",
        "If talent retention improves (T), then institutional knowledge grows (V).",
        "The environmental sustainability initiative is launched (P)."
      ],
      "hidden_logical_premises": [
        "P → (Q ∧ R)",
        "R → T",
        "T → V",
        "P"
      ],
      "natural_language_conclusion": "Institutional knowledge grows (V).",
      "hidden_logical_conclusion": "V",
      "expected_operations": 4,
      "description": "Sustainability-driven outcome",
      "solution": "Translate: P = 'Launch initiative', Q = 'Green tech adopted', R = 'Engagement increases', T = 'Retention improves', V = 'Knowledge grows'. Apply Modus Ponens to P → (Q ∧ R) to get Q ∧ R. Extract R. Chain R → T → V. Apply Modus Ponens to conclude V.",
      "variable_definitions": {
        "P": "the environmental sustainability initiative is launched",
        "Q": "green technologies are adopted",
        "R": "employee engagement increases",
        "T": "talent retention improves",
        "V": "institutional knowledge grows"
      },
      "interpretation_hints": [
        "Extract both components from compound consequent",
        "One path develops organizational capability"
      ]
    }
  ]
}
