{
  "level": 6,
  "description": "Level 6: Natural Language Translation - 5+ operations, 4-6 premises",
  "note": "In this level, players must translate natural language sentences into logical statements. The logical symbols are hidden - only natural language is shown.",
  "problems": [
    {
      "natural_language_premises": [
        "If it is not the case that both Alice studies (P) and Bob studies (Q), then Carol studies (R).",
        "Alice studies (P).",
        "Bob does not study (¬Q).",
        "Diana is in class (S)."
      ],
      "hidden_logical_premises": [
        "¬(P ∧ Q) → R",
        "P",
        "¬Q",
        "S"
      ],
      "natural_language_conclusion": "Carol studies (R).",
      "hidden_logical_conclusion": "R",
      "expected_operations": 3,
      "description": "Negated conjunction with Modus Ponens",
      "solution": "Translate: P = 'Alice studies', Q = 'Bob studies', R = 'Carol studies', S = 'Diana in class'. Combine P and ¬Q: since ¬Q, then ¬(P ∧ Q) is true. Apply Modus Ponens on ¬(P ∧ Q) → R to get R.",
      "variable_definitions": {
        "P": "Alice studies",
        "Q": "Bob studies",
        "R": "Carol studies",
        "S": "Diana is in class"
      },
      "interpretation_hints": [
        "Not both means at least one is false",
        "If the condition holds, the consequence follows"
      ]
    },
    {
      "natural_language_premises": [
        "If it snows (P), then the roads are icy (Q).",
        "If the roads are icy (Q), then schools are closed (R).",
        "If schools are closed (R), then children stay home (S).",
        "If children stay home (S), then parents need childcare (T).",
        "It snows (P)."
      ],
      "hidden_logical_premises": [
        "P → Q",
        "Q → R",
        "R → S",
        "S → T",
        "P"
      ],
      "natural_language_conclusion": "Parents need childcare (T).",
      "hidden_logical_conclusion": "T",
      "expected_operations": 4,
      "description": "Long chain of natural language implications",
      "solution": "Translate: P = 'It snows', Q = 'Roads are icy', R = 'Schools closed', S = 'Children stay home', T = 'Parents need childcare'. Chain all implications using Hypothetical Syllogism three times to build P → T, then apply Modus Ponens with P to conclude T.",
      "variable_definitions": {
        "P": "it snows",
        "Q": "the roads are icy",
        "R": "schools are closed",
        "S": "children stay home",
        "T": "parents need childcare"
      },
      "interpretation_hints": [
        "Build the complete chain through all steps",
        "Apply the starting fact through the entire chain"
      ]
    },
    {
      "natural_language_premises": [
        "The concert starts (P) if and only if the band arrives (Q).",
        "The band arrives (Q) if and only if the tour bus is working (R).",
        "The tour bus is working (R).",
        "The venue is prepared (S).",
        "Tickets are sold out (T)."
      ],
      "hidden_logical_premises": [
        "P ↔ Q",
        "Q ↔ R",
        "R",
        "S",
        "T"
      ],
      "natural_language_conclusion": "The concert starts (P).",
      "hidden_logical_conclusion": "P",
      "expected_operations": 4,
      "description": "Chained biconditionals",
      "solution": "Translate: P = 'Concert starts', Q = 'Band arrives', R = 'Tour bus working', S = 'Venue prepared', T = 'Tickets sold out'. Extract R → Q from Q ↔ R, apply Modus Ponens to get Q. Extract Q → P from P ↔ Q, apply Modus Ponens to get P.",
      "variable_definitions": {
        "P": "the concert starts",
        "Q": "the band arrives",
        "R": "the tour bus is working",
        "S": "the venue is prepared",
        "T": "tickets are sold out"
      },
      "interpretation_hints": [
        "Chain the biconditionals by extracting implications",
        "Work forward from the known fact"
      ]
    },
    {
      "natural_language_premises": [
        "If the alarm sounds (P), then either there is a fire (Q) or it is a drill (R).",
        "If there is a fire (Q), then the building must be evacuated (S).",
        "The alarm sounds (P).",
        "It is not a drill (¬R).",
        "The security guard is present (T)."
      ],
      "hidden_logical_premises": [
        "P → (Q ∨ R)",
        "Q → S",
        "P",
        "¬R",
        "T"
      ],
      "natural_language_conclusion": "The building must be evacuated (S).",
      "hidden_logical_conclusion": "S",
      "expected_operations": 3,
      "description": "Disjunctive consequent with elimination",
      "solution": "Translate: P = 'Alarm sounds', Q = 'Fire', R = 'Drill', S = 'Evacuate building', T = 'Guard present'. Apply Modus Ponens on P → (Q ∨ R) to get Q ∨ R. Use Disjunctive Syllogism with ¬R to get Q. Apply Modus Ponens on Q → S to get S.",
      "variable_definitions": {
        "P": "the alarm sounds",
        "Q": "there is a fire",
        "R": "it is a drill",
        "S": "the building must be evacuated",
        "T": "the security guard is present"
      },
      "interpretation_hints": [
        "Extract the disjunction from the implication",
        "Eliminate the false option"
      ]
    },
    {
      "natural_language_premises": [
        "If the experiment succeeds (P), then both the hypothesis is correct (Q) and the data is reliable (R).",
        "If the hypothesis is correct (Q), then the theory is supported (S).",
        "If the data is reliable (R), then the results can be published (T).",
        "The experiment succeeds (P)."
      ],
      "hidden_logical_premises": [
        "P → (Q ∧ R)",
        "Q → S",
        "R → T",
        "P"
      ],
      "natural_language_conclusion": "The theory is supported (S).",
      "hidden_logical_conclusion": "S",
      "expected_operations": 3,
      "description": "Branching with specific path selection",
      "solution": "Translate: P = 'Experiment succeeds', Q = 'Hypothesis correct', R = 'Data reliable', S = 'Theory supported', T = 'Results published'. Apply Modus Ponens to get Q ∧ R, extract Q, apply Modus Ponens on Q → S to get S.",
      "variable_definitions": {
        "P": "the experiment succeeds",
        "Q": "the hypothesis is correct",
        "R": "the data is reliable",
        "S": "the theory is supported",
        "T": "the results can be published"
      },
      "interpretation_hints": [
        "Focus on the path to the specific conclusion",
        "Not all given information is needed"
      ]
    },
    {
      "natural_language_premises": [
        "Either the proposal is accepted (P) or it is rejected (Q), but not both.",
        "If the proposal is accepted (P), then the project begins (R).",
        "If the proposal is rejected (Q), then we start planning a new proposal (S).",
        "If the project begins (R), then we need funding (T).",
        "We need funding (T)."
      ],
      "hidden_logical_premises": [
        "P ⊕ Q",
        "P → R",
        "Q → S",
        "R → T",
        "T"
      ],
      "natural_language_conclusion": "The proposal is accepted (P).",
      "hidden_logical_conclusion": "P",
      "expected_operations": 4,
      "description": "XOR with backward chaining",
      "solution": "Translate: P = 'Proposal accepted', Q = 'Proposal rejected', R = 'Project begins', S = 'Plan new proposal', T = 'Need funding'. Given T and R → T, use backward reasoning to infer R. Given R and P → R, infer P. Verify with XOR: if P then ¬Q, which is consistent.",
      "variable_definitions": {
        "P": "the proposal is accepted",
        "Q": "the proposal is rejected",
        "R": "the project begins",
        "S": "we start planning a new proposal",
        "T": "we need funding"
      },
      "interpretation_hints": [
        "Work backwards from the known conclusion",
        "Use XOR to verify the result"
      ]
    }
  ]
}
