{
  "level": 6,
  "description": "Level 6: Natural Language Translation - 5+ operations, 4-6 premises",
  "note": "In this level, players must translate natural language sentences into logical statements. The logical symbols are hidden - only natural language is shown.",
  "problems": [
    {
      "natural_language_premises": [
        "If it rains (P), then the ground is wet (Q).",
        "If the ground is wet (Q), then the flowers grow (R).",
        "It is raining (P).",
        "The sun is shining (S)."
      ],
      "hidden_logical_premises": [
        "P → Q",
        "Q → R",
        "P",
        "S"
      ],
      "natural_language_conclusion": "The flowers grow (R).",
      "hidden_logical_conclusion": "R",
      "expected_operations": 3,
      "description": "Chained Modus Ponens with natural language",
      "solution": "Translate: P = 'It rains', Q = 'The ground is wet', R = 'The flowers grow', S = 'The sun is shining'. Chain P → Q and Q → R to get P → R, then apply Modus Ponens with P to conclude R.",
      "interpretation_hints": [
        "Chain multiple conditionals together",
        "Apply the affirmed condition through the chain"
      ]
    },
    {
      "natural_language_premises": [
        "If the alarm rings (P), then there is a fire (Q).",
        "If there is a fire (Q), then the sprinklers activate (R).",
        "There are no sprinklers activated (¬R).",
        "The building is occupied (S)."
      ],
      "hidden_logical_premises": [
        "P → Q",
        "Q → R",
        "¬R",
        "S"
      ],
      "natural_language_conclusion": "The alarm is not ringing (¬P).",
      "hidden_logical_conclusion": "¬P",
      "expected_operations": 3,
      "description": "Chained Modus Tollens with natural language",
      "solution": "Translate: P = 'Alarm rings', Q = 'There is a fire', R = 'Sprinklers activate', S = 'Building is occupied'. Apply Modus Tollens on Q → R with ¬R to get ¬Q, then apply Modus Tollens on P → Q with ¬Q to conclude ¬P.",
      "variable_definitions": {
        "P": "the alarm rings",
        "Q": "there is a fire",
        "R": "the sprinklers activate",
        "S": "the building is occupied"
      },
      "interpretation_hints": [
        "Work backwards through the chain of conditionals",
        "Negate each condition using Modus Tollens"
      ]
    },
    {
      "natural_language_premises": [
        "Either the door is open (P) or the window is open (Q).",
        "If the window is open (Q), then there is a breeze (R).",
        "The door is not open (¬P).",
        "The curtains are drawn (S)."
      ],
      "hidden_logical_premises": [
        "P ∨ Q",
        "Q → R",
        "¬P",
        "S"
      ],
      "natural_language_conclusion": "There is a breeze (R).",
      "hidden_logical_conclusion": "R",
      "expected_operations": 2,
      "description": "Disjunctive Syllogism followed by Modus Ponens",
      "solution": "Translate: P = 'Door is open', Q = 'Window is open', R = 'There is a breeze', S = 'Curtains are drawn'. Apply Disjunctive Syllogism with P ∨ Q and ¬P to get Q, then apply Modus Ponens with Q → R and Q to conclude R.",
      "variable_definitions": {
        "P": "the door is open",
        "Q": "the window is open",
        "R": "there is a breeze",
        "S": "the curtains are drawn"
      },
      "interpretation_hints": [
        "Use 'either...or' with negation to determine truth",
        "Then apply the conditional"
      ]
    },
    {
      "natural_language_premises": [
        "Alice is tall (P).",
        "Bob is smart (Q).",
        "If Alice is tall (P) and Bob is smart (Q), then the team wins (R).",
        "Charlie is friendly (S)."
      ],
      "hidden_logical_premises": [
        "P",
        "Q",
        "(P ∧ Q) → R",
        "S"
      ],
      "natural_language_conclusion": "The team wins (R).",
      "hidden_logical_conclusion": "R",
      "expected_operations": 2,
      "description": "Conjunction and Modus Ponens",
      "solution": "Translate: P = 'Alice is tall', Q = 'Bob is smart', R = 'The team wins', S = 'Charlie is friendly'. Apply Conjunction to P and Q to get P ∧ Q, then apply Modus Ponens with (P ∧ Q) → R to conclude R.",
      "variable_definitions": {
        "P": "Alice is tall",
        "Q": "Bob is smart",
        "R": "the team wins",
        "S": "Charlie is friendly"
      },
      "interpretation_hints": [
        "Combine the individual facts first",
        "Then use the compound condition"
      ]
    },
    {
      "natural_language_premises": [
        "If you study (P), then you pass the exam (Q).",
        "If you pass the exam (Q), then you graduate (R).",
        "If you graduate (R), then you get a job (S).",
        "If you get a job (S), then you can afford an apartment (T).",
        "You study (P)."
      ],
      "hidden_logical_premises": [
        "P → Q",
        "Q → R",
        "R → S",
        "S → T",
        "P"
      ],
      "natural_language_conclusion": "You can afford an apartment (T).",
      "hidden_logical_conclusion": "T",
      "expected_operations": 4,
      "description": "Long chain of implications",
      "solution": "Translate: P = 'You study', Q = 'You pass', R = 'You graduate', S = 'You get a job', T = 'You afford apartment'. Chain all conditionals using Hypothetical Syllogism three times to get P → T, then apply Modus Ponens with P to conclude T.",
      "variable_definitions": {
        "P": "you study",
        "Q": "you pass the exam",
        "R": "you graduate",
        "S": "you get a job",
        "T": "you can afford an apartment"
      },
      "interpretation_hints": [
        "Build the entire chain step by step",
        "Multiple conditional statements leading to final conclusion"
      ]
    },
    {
      "natural_language_premises": [
        "It is not the case that both the car is red (P) and the car is new (Q).",
        "The car is red (P).",
        "If the car is not new (¬Q), then it has depreciated (S).",
        "The car has leather seats (R)."
      ],
      "hidden_logical_premises": [
        "¬(P ∧ Q)",
        "P",
        "¬Q → S",
        "R"
      ],
      "natural_language_conclusion": "The car has depreciated (S).",
      "hidden_logical_conclusion": "S",
      "expected_operations": 3,
      "description": "De Morgan's Law and Modus Ponens",
      "solution": "Translate: P = 'Car is red', Q = 'Car is new', R = 'Car has leather seats', S = 'Car has depreciated'. Use De Morgan's Law on ¬(P ∧ Q) to get ¬P ∨ ¬Q, apply Disjunctive Syllogism with P to get ¬Q, then apply Modus Ponens with ¬Q → S to conclude S.",
      "variable_definitions": {
        "P": "the car is red",
        "Q": "the car is new",
        "R": "the car has leather seats",
        "S": "the car has depreciated"
      },
      "interpretation_hints": [
        "Transform 'not both' using De Morgan's Law",
        "Continue reasoning with the result"
      ]
    },
    {
      "natural_language_premises": [
        "If the power is on (P), then both the lights work (Q) and the computer works (R).",
        "If the lights work (Q), then we can see clearly (T).",
        "The power is on (P).",
        "The router is connected (S)."
      ],
      "hidden_logical_premises": [
        "P → (Q ∧ R)",
        "Q → T",
        "P",
        "S"
      ],
      "natural_language_conclusion": "We can see clearly (T).",
      "hidden_logical_conclusion": "T",
      "expected_operations": 3,
      "description": "Complex consequent with extraction and continuation",
      "solution": "Translate: P = 'Power is on', Q = 'Lights work', R = 'Computer works', S = 'Router is connected', T = 'We can see clearly'. Apply Modus Ponens to get Q ∧ R, use Simplification to extract Q, then apply Modus Ponens with Q → T to conclude T.",
      "variable_definitions": {
        "P": "the power is on",
        "Q": "the lights work",
        "R": "the computer works",
        "S": "the router is connected",
        "T": "we can see clearly"
      },
      "interpretation_hints": [
        "Extract component from compound consequent",
        "Continue reasoning with extracted component"
      ]
    },
    {
      "natural_language_premises": [
        "If it is sunny (P), then we go to the beach (Q).",
        "If we go to the beach (Q), then we swim (R).",
        "If we swim (R), then we are happy (S).",
        "If we are happy (S), then we feel relaxed (T).",
        "It is sunny (P)."
      ],
      "hidden_logical_premises": [
        "P → Q",
        "Q → R",
        "R → S",
        "S → T",
        "P"
      ],
      "natural_language_conclusion": "We feel relaxed (T).",
      "hidden_logical_conclusion": "T",
      "expected_operations": 4,
      "description": "Extended chain of implications",
      "solution": "Translate: P = 'Sunny', Q = 'Go to beach', R = 'Swim', S = 'Happy', T = 'Feel relaxed'. Chain implications using Hypothetical Syllogism three times to get P → T, then apply Modus Ponens with P to conclude T.",
      "variable_definitions": {
        "P": "it is sunny",
        "Q": "we go to the beach",
        "R": "we swim",
        "S": "we are happy",
        "T": "we feel relaxed"
      },
      "interpretation_hints": [
        "Build the complete chain through all steps",
        "Apply the starting fact through the entire chain"
      ]
    },
    {
      "natural_language_premises": [
        "If the temperature drops below freezing (P), then the water freezes (Q).",
        "If the water freezes (Q), then the pipes may burst (R).",
        "If the pipes burst (R), then there will be water damage (S).",
        "If there is water damage (S), then repairs are needed (T).",
        "The temperature drops below freezing (P)."
      ],
      "hidden_logical_premises": [
        "P → Q",
        "Q → R",
        "R → S",
        "S → T",
        "P"
      ],
      "natural_language_conclusion": "Repairs are needed (T).",
      "hidden_logical_conclusion": "T",
      "expected_operations": 4,
      "description": "Long chain of natural language implications",
      "solution": "Translate: P = 'Temperature drops below freezing', Q = 'Water freezes', R = 'Pipes burst', S = 'Water damage', T = 'Repairs needed'. Chain all conditionals: apply Hypothetical Syllogism three times to build P → Q → R → S → T into P → T, then apply Modus Ponens with P to conclude T.",
      "variable_definitions": {
        "P": "the temperature drops below freezing",
        "Q": "the water freezes",
        "R": "the pipes may burst",
        "S": "there will be water damage",
        "T": "repairs are needed"
      },
      "interpretation_hints": [
        "Build the entire causal chain step by step",
        "Some premises may be red herrings"
      ]
    },
    {
      "natural_language_premises": [
        "Either the movie is a comedy (P) or a drama (Q), but not both.",
        "If the movie is a comedy (P), then it has a happy ending (R).",
        "If the movie is a drama (Q), then it has a sad ending (S).",
        "The movie does not have a sad ending (¬S).",
        "The movie is popular (T)."
      ],
      "hidden_logical_premises": [
        "P ⊕ Q",
        "P → R",
        "Q → S",
        "¬S",
        "T"
      ],
      "natural_language_conclusion": "The movie has a happy ending (R).",
      "hidden_logical_conclusion": "R",
      "expected_operations": 4,
      "description": "XOR with conditional elimination",
      "solution": "Translate: P = 'Movie is comedy', Q = 'Movie is drama', R = 'Happy ending', S = 'Sad ending', T = 'Movie is popular'. Use Modus Tollens on Q → S with ¬S to get ¬Q. From XOR P ⊕ Q and ¬Q, deduce P. Apply Modus Ponens on P → R to get R.",
      "variable_definitions": {
        "P": "the movie is a comedy",
        "Q": "the movie is a drama",
        "R": "the movie has a happy ending",
        "S": "the movie has a sad ending",
        "T": "the movie is popular"
      },
      "interpretation_hints": [
        "Use the exclusive or to narrow down options",
        "Eliminate impossible cases with negation"
      ]
    },
    {
      "natural_language_premises": [
        "Neither the bus is running (P) nor is the subway operating (Q).",
        "If the bus is not running (¬P), then people walk (R).",
        "If people walk (R), then they arrive late (S).",
        "The office is open (T)."
      ],
      "hidden_logical_premises": [
        "¬P ∧ ¬Q",
        "¬P → R",
        "R → S",
        "T"
      ],
      "natural_language_conclusion": "People arrive late (S).",
      "hidden_logical_conclusion": "S",
      "expected_operations": 3,
      "description": "Neither/nor with chained implications",
      "solution": "Translate: P = 'Bus running', Q = 'Subway operating', R = 'People walk', S = 'Arrive late', T = 'Office open'. Extract ¬P from ¬P ∧ ¬Q, apply Modus Ponens on ¬P → R to get R, then Modus Ponens on R → S to get S.",
      "variable_definitions": {
        "P": "the bus is running",
        "Q": "the subway is operating",
        "R": "people walk",
        "S": "people arrive late",
        "T": "the office is open"
      },
      "interpretation_hints": [
        "'Neither...nor' means both are false",
        "Chain the implications from the negation"
      ]
    },
    {
      "natural_language_premises": [
        "If the store is open (P), then both the lights are on (Q) and the door is unlocked (R).",
        "If the lights are on (Q), then customers can see products (S).",
        "If the door is unlocked (R), then customers can enter (T).",
        "The store is open (P)."
      ],
      "hidden_logical_premises": [
        "P → (Q ∧ R)",
        "Q → S",
        "R → T",
        "P"
      ],
      "natural_language_conclusion": "Customers can enter (T).",
      "hidden_logical_conclusion": "T",
      "expected_operations": 3,
      "description": "Complex consequent with multiple paths",
      "solution": "Translate: P = 'Store open', Q = 'Lights on', R = 'Door unlocked', S = 'Can see products', T = 'Can enter'. Apply Modus Ponens to get Q ∧ R, extract R, then Modus Ponens on R → T to get T.",
      "variable_definitions": {
        "P": "the store is open",
        "Q": "the lights are on",
        "R": "the door is unlocked",
        "S": "customers can see products",
        "T": "customers can enter"
      },
      "interpretation_hints": [
        "Extract the needed component from the compound result",
        "Follow the specific path to the conclusion"
      ]
    },
    {
      "natural_language_premises": [
        "If it is not the case that both Alice studies (P) and Bob studies (Q), then Carol studies (R).",
        "Alice studies (P).",
        "Bob does not study (¬Q).",
        "Diana is in class (S)."
      ],
      "hidden_logical_premises": [
        "¬(P ∧ Q) → R",
        "P",
        "¬Q",
        "S"
      ],
      "natural_language_conclusion": "Carol studies (R).",
      "hidden_logical_conclusion": "R",
      "expected_operations": 3,
      "description": "Negated conjunction with Modus Ponens",
      "solution": "Translate: P = 'Alice studies', Q = 'Bob studies', R = 'Carol studies', S = 'Diana in class'. Combine P and ¬Q: since ¬Q, then ¬(P ∧ Q) is true. Apply Modus Ponens on ¬(P ∧ Q) → R to get R.",
      "variable_definitions": {
        "P": "Alice studies",
        "Q": "Bob studies",
        "R": "Carol studies",
        "S": "Diana is in class"
      },
      "interpretation_hints": [
        "Not both means at least one is false",
        "If the condition holds, the consequence follows"
      ]
    },
    {
      "natural_language_premises": [
        "If it snows (P), then the roads are icy (Q).",
        "If the roads are icy (Q), then schools are closed (R).",
        "If schools are closed (R), then children stay home (S).",
        "If children stay home (S), then parents need childcare (T).",
        "It snows (P)."
      ],
      "hidden_logical_premises": [
        "P → Q",
        "Q → R",
        "R → S",
        "S → T",
        "P"
      ],
      "natural_language_conclusion": "Parents need childcare (T).",
      "hidden_logical_conclusion": "T",
      "expected_operations": 4,
      "description": "Long chain of natural language implications",
      "solution": "Translate: P = 'It snows', Q = 'Roads are icy', R = 'Schools closed', S = 'Children stay home', T = 'Parents need childcare'. Chain all implications using Hypothetical Syllogism three times to build P → T, then apply Modus Ponens with P to conclude T.",
      "variable_definitions": {
        "P": "it snows",
        "Q": "the roads are icy",
        "R": "schools are closed",
        "S": "children stay home",
        "T": "parents need childcare"
      },
      "interpretation_hints": [
        "Build the complete chain through all steps",
        "Apply the starting fact through the entire chain"
      ]
    },
    {
      "natural_language_premises": [
        "The concert starts (P) if and only if the band arrives (Q).",
        "The band arrives (Q) if and only if the tour bus is working (R).",
        "The tour bus is working (R).",
        "The venue is prepared (S).",
        "Tickets are sold out (T)."
      ],
      "hidden_logical_premises": [
        "P ↔ Q",
        "Q ↔ R",
        "R",
        "S",
        "T"
      ],
      "natural_language_conclusion": "The concert starts (P).",
      "hidden_logical_conclusion": "P",
      "expected_operations": 4,
      "description": "Chained biconditionals",
      "solution": "Translate: P = 'Concert starts', Q = 'Band arrives', R = 'Tour bus working', S = 'Venue prepared', T = 'Tickets sold out'. Extract R → Q from Q ↔ R, apply Modus Ponens to get Q. Extract Q → P from P ↔ Q, apply Modus Ponens to get P.",
      "variable_definitions": {
        "P": "the concert starts",
        "Q": "the band arrives",
        "R": "the tour bus is working",
        "S": "the venue is prepared",
        "T": "tickets are sold out"
      },
      "interpretation_hints": [
        "Chain the biconditionals by extracting implications",
        "Work forward from the known fact"
      ]
    },
    {
      "natural_language_premises": [
        "If the alarm sounds (P), then either there is a fire (Q) or it is a drill (R).",
        "If there is a fire (Q), then the building must be evacuated (S).",
        "The alarm sounds (P).",
        "It is not a drill (¬R).",
        "The security guard is present (T)."
      ],
      "hidden_logical_premises": [
        "P → (Q ∨ R)",
        "Q → S",
        "P",
        "¬R",
        "T"
      ],
      "natural_language_conclusion": "The building must be evacuated (S).",
      "hidden_logical_conclusion": "S",
      "expected_operations": 3,
      "description": "Disjunctive consequent with elimination",
      "solution": "Translate: P = 'Alarm sounds', Q = 'Fire', R = 'Drill', S = 'Evacuate building', T = 'Guard present'. Apply Modus Ponens on P → (Q ∨ R) to get Q ∨ R. Use Disjunctive Syllogism with ¬R to get Q. Apply Modus Ponens on Q → S to get S.",
      "variable_definitions": {
        "P": "the alarm sounds",
        "Q": "there is a fire",
        "R": "it is a drill",
        "S": "the building must be evacuated",
        "T": "the security guard is present"
      },
      "interpretation_hints": [
        "Extract the disjunction from the implication",
        "Eliminate the false option"
      ]
    },
    {
      "natural_language_premises": [
        "If the experiment succeeds (P), then both the hypothesis is correct (Q) and the data is reliable (R).",
        "If the hypothesis is correct (Q), then the theory is supported (S).",
        "If the data is reliable (R), then the results can be published (T).",
        "The experiment succeeds (P)."
      ],
      "hidden_logical_premises": [
        "P → (Q ∧ R)",
        "Q → S",
        "R → T",
        "P"
      ],
      "natural_language_conclusion": "The theory is supported (S).",
      "hidden_logical_conclusion": "S",
      "expected_operations": 3,
      "description": "Branching with specific path selection",
      "solution": "Translate: P = 'Experiment succeeds', Q = 'Hypothesis correct', R = 'Data reliable', S = 'Theory supported', T = 'Results published'. Apply Modus Ponens to get Q ∧ R, extract Q, apply Modus Ponens on Q → S to get S.",
      "variable_definitions": {
        "P": "the experiment succeeds",
        "Q": "the hypothesis is correct",
        "R": "the data is reliable",
        "S": "the theory is supported",
        "T": "the results can be published"
      },
      "interpretation_hints": [
        "Focus on the path to the specific conclusion",
        "Not all given information is needed"
      ]
    },
    {
      "natural_language_premises": [
        "Either the proposal is accepted (P) or it is rejected (Q), but not both.",
        "If the proposal is accepted (P), then the project begins (R).",
        "If the proposal is rejected (Q), then we start planning a new proposal (S).",
        "If the project begins (R), then we need funding (T).",
        "We need funding (T)."
      ],
      "hidden_logical_premises": [
        "P ⊕ Q",
        "P → R",
        "Q → S",
        "R → T",
        "T"
      ],
      "natural_language_conclusion": "The proposal is accepted (P).",
      "hidden_logical_conclusion": "P",
      "expected_operations": 4,
      "description": "XOR with backward chaining",
      "solution": "Translate: P = 'Proposal accepted', Q = 'Proposal rejected', R = 'Project begins', S = 'Plan new proposal', T = 'Need funding'. Given T and R → T, use backward reasoning to infer R. Given R and P → R, infer P. Verify with XOR: if P then ¬Q, which is consistent.",
      "variable_definitions": {
        "P": "the proposal is accepted",
        "Q": "the proposal is rejected",
        "R": "the project begins",
        "S": "we start planning a new proposal",
        "T": "we need funding"
      },
      "interpretation_hints": [
        "Work backwards from the known conclusion",
        "Use XOR to verify the result"
      ]
    }
  ]
}
