{
  "level": 3,
  "description": "Level 3: 3 operations, 3-4 premises",
  "problems": [
    {
      "premises": [
        "P → Q",
        "Q → R",
        "R → S",
        "P"
      ],
      "conclusion": "S",
      "expected_operations": 3,
      "description": "Chain of Hypothetical Syllogisms",
      "solution": "Apply Hypothetical Syllogism twice to build \"P → S\", then Modus Ponens with \"P\" to get \"S\"."
    },
    {
      "premises": [
        "P ∧ Q",
        "R ∧ S"
      ],
      "conclusion": "P ∧ R",
      "expected_operations": 3,
      "description": "Multiple Simplifications + Conjunction",
      "solution": "Apply Simplification to extract \"P\" from \"P ∧ Q\" and \"R\" from \"R ∧ S\", then Conjunction to combine them."
    },
    {
      "premises": [
        "¬¬(P ∨ Q)",
        "¬P",
        "Q → R"
      ],
      "conclusion": "R",
      "expected_operations": 3,
      "description": "Double Neg + Disj Syll + MP",
      "solution": "Apply Double Negation to get \"P ∨ Q\", then Disjunctive Syllogism with \"¬P\" to get \"Q\", finally Modus Ponens to get \"R\"."
    },
    {
      "premises": [
        "(P ∧ Q) → R",
        "¬R",
        "P"
      ],
      "conclusion": "¬Q",
      "expected_operations": 3,
      "description": "Modus Tollens + De Morgan's + Disj Syll",
      "solution": "Apply Modus Tollens to get \"¬(P ∧ Q)\", then De Morgan's to get \"¬P ∨ ¬Q\", finally Disjunctive Syllogism with \"P\" to get \"¬Q\"."
    },
    {
      "premises": [
        "P ∨ (Q ∧ R)",
        "¬P"
      ],
      "conclusion": "Q",
      "expected_operations": 3,
      "description": "Disjunctive Syllogism + Simplification",
      "solution": "Apply Disjunctive Syllogism to get \"Q ∧ R\", then Simplification to extract \"Q\"."
    },
    {
      "premises": [
        "¬(P ∧ Q)",
        "R → P",
        "R"
      ],
      "conclusion": "¬Q",
      "expected_operations": 3,
      "description": "MP + De Morgan's + Disj Syll",
      "solution": "Apply Modus Ponens to get \"P\", then De Morgan's on \"¬(P ∧ Q)\" to get \"¬P ∨ ¬Q\", finally Disjunctive Syllogism to get \"¬Q\"."
    },
    {
      "premises": [
        "P",
        "Q",
        "R",
        "S"
      ],
      "conclusion": "((P ∧ Q) ∧ R) ∧ S",
      "expected_operations": 3,
      "description": "Chain of Conjunctions",
      "solution": "Apply Conjunction three times: combine \"P\" and \"Q\", then combine with \"R\", finally combine with \"S\"."
    },
    {
      "premises": [
        "P → (Q ∨ R)",
        "P",
        "¬Q"
      ],
      "conclusion": "R",
      "expected_operations": 3,
      "description": "MP + Disjunctive Syllogism",
      "solution": "Apply Modus Ponens to get \"Q ∨ R\", then Disjunctive Syllogism with \"¬Q\" to get \"R\"."
    },
    {
      "premises": [
        "¬¬P ∧ ¬¬Q"
      ],
      "conclusion": "P ∧ Q",
      "expected_operations": 5,
      "description": "Simplifications + Double Negations + Conjunction",
      "solution": "Apply Simplification to extract \"¬¬P\", then Simplification again to extract \"¬¬Q\", then Double Negation on each to get \"P\" and \"Q\", finally Conjunction to combine them."
    },
    {
      "premises": [
        "(P ∨ Q) ∧ R",
        "¬P"
      ],
      "conclusion": "Q ∧ R",
      "expected_operations": 4,
      "description": "Double Simplification + Disj Syll + Conjunction",
      "solution": "Apply Simplification twice: first to extract \"P ∨ Q\", then to extract \"R\". Apply Disjunctive Syllogism with \"¬P\" to get \"Q\", then Conjunction to combine \"Q\" and \"R\"."
    },
    {
      "premises": [
        "(P → Q) ∧ (R → S)",
        "P ∨ R"
      ],
      "conclusion": "(Q ∨ S)",
      "expected_operations": 1,
      "description": "Constructive Dilemma",
      "solution": "Apply Constructive Dilemma (CD) with premises \"(P → Q) ∧ (R → S)\" and \"P ∨ R\" to directly conclude \"Q ∨ S\"."
    },
    {
      "premises": [
        "P ∧ (Q ∨ R)"
      ],
      "conclusion": "(P ∧ Q) ∨ (P ∧ R)",
      "expected_operations": 1,
      "description": "Distributivity (AND over OR)",
      "solution": "Apply Distributivity (DIST) to expand \"P ∧ (Q ∨ R)\" into \"(P ∧ Q) ∨ (P ∧ R)\"."
    },
    {
      "premises": [
        "(P ∧ Q) ∨ (P ∧ R)"
      ],
      "conclusion": "P ∧ (Q ∨ R)",
      "expected_operations": 1,
      "description": "Reverse Distributivity (Factoring)",
      "solution": "Apply Reverse Distributivity to factor out \"P\": \"(P ∧ Q) ∨ (P ∧ R)\" becomes \"P ∧ (Q ∨ R)\"."
    },
    {
      "premises": [
        "P ⊕ Q"
      ],
      "conclusion": "(P ∨ Q) ∧ ¬(P ∧ Q)",
      "expected_operations": 1,
      "description": "XOR Elimination",
      "solution": "Apply XOR Elimination: \"P ⊕ Q\" is equivalent to \"(P ∨ Q) ∧ ¬(P ∧ Q)\", meaning exactly one is true."
    },
    {
      "premises": [
        "P → Q",
        "Q → (R ∧ S)",
        "P"
      ],
      "conclusion": "R",
      "expected_operations": 3,
      "description": "Chained Modus Ponens + Simplification",
      "solution": "Apply Modus Ponens on \"P → Q\" with \"P\" to get \"Q\". Apply Modus Ponens on \"Q → (R ∧ S)\" with \"Q\" to get \"R ∧ S\". Apply Simplification to extract \"R\" from \"R ∧ S\"."
    },
    {
      "premises": [
        "¬((P ∧ Q) ∨ (R ∧ S))"
      ],
      "conclusion": "¬P ∨ ¬Q",
      "expected_operations": 3,
      "description": "Complex De Morgan's",
      "solution": "Apply De Morgan's to get \"¬(P ∧ Q) ∧ ¬(R ∧ S)\", then Simplification to extract \"¬(P ∧ Q)\", then De Morgan's again to get \"¬P ∨ ¬Q\"."
    },
    {
      "premises": [
        "P → Q",
        "¬Q ∨ R",
        "¬R"
      ],
      "conclusion": "¬P",
      "expected_operations": 3,
      "description": "Disjunctive Syllogism + Modus Tollens",
      "solution": "Apply Disjunctive Syllogism to \"¬Q ∨ R\" and \"¬R\" to get \"¬Q\", then Modus Tollens with \"P → Q\" to get \"¬P\"."
    },
    {
      "premises": [
        "(P ∨ Q) ∧ (P ∨ R)"
      ],
      "conclusion": "P ∨ (Q ∧ R)",
      "expected_operations": 1,
      "description": "Reverse Distributivity (OR case)",
      "solution": "Apply Reverse Distributivity to factor out \"P\": \"(P ∨ Q) ∧ (P ∨ R)\" becomes \"P ∨ (Q ∧ R)\"."
    },
    {
      "natural_language_premises": [
        "If the coffee is hot (P), then it is freshly brewed (Q).",
        "If it is freshly brewed (Q), then it tastes good (R).",
        "If it tastes good (R), then customers return (S).",
        "The coffee is hot (P).",
        "The shop is crowded (T)."
      ],
      "hidden_logical_premises": [
        "P → Q",
        "Q → R",
        "R → S",
        "P",
        "T"
      ],
      "natural_language_conclusion": "Customers return (S).",
      "hidden_logical_conclusion": "S",
      "expected_operations": 3,
      "description": "Chain of three implications with Modus Ponens",
      "solution": "Translate: P = 'Coffee is hot', Q = 'Freshly brewed', R = 'Tastes good', S = 'Customers return', T = 'Shop crowded'. Chain conditionals using Hypothetical Syllogism twice to get P → S, then apply Modus Ponens with P to conclude S.",
      "variable_definitions": {
        "P": "the coffee is hot",
        "Q": "it is freshly brewed",
        "R": "it tastes good",
        "S": "customers return",
        "T": "the shop is crowded"
      },
      "interpretation_hints": [
        "Build a complete chain through three steps",
        "Apply the known fact through the entire chain",
        "T is not needed for the conclusion"
      ]
    },
    {
      "natural_language_premises": [
        "Either the package arrived (P) or it is lost (Q), but not both.",
        "If the package arrived (P), then we can start assembly (R).",
        "If we can start assembly (R), then the project is on schedule (S).",
        "The package is not lost (¬Q).",
        "The budget is approved (T)."
      ],
      "hidden_logical_premises": [
        "P ⊕ Q",
        "P → R",
        "R → S",
        "¬Q",
        "T"
      ],
      "natural_language_conclusion": "The project is on schedule (S).",
      "hidden_logical_conclusion": "S",
      "expected_operations": 3,
      "description": "XOR with two-step implication chain",
      "solution": "Translate: P = 'Package arrived', Q = 'Package lost', R = 'Start assembly', S = 'Project on schedule', T = 'Budget approved'. From XOR P ⊕ Q and ¬Q, deduce P. Chain P → R and R → S to get P → S, then apply Modus Ponens to conclude S.",
      "variable_definitions": {
        "P": "the package arrived",
        "Q": "it is lost",
        "R": "we can start assembly",
        "S": "the project is on schedule",
        "T": "the budget is approved"
      },
      "interpretation_hints": [
        "Use the exclusivity to determine which option is true",
        "Then follow the chain of implications",
        "One fact is not needed"
      ]
    },
    {
      "natural_language_premises": [
        "If the recipe calls for flour (P) and sugar (Q), then the cake will rise (R).",
        "If the cake will rise (R), then it will be fluffy (S).",
        "The recipe calls for flour (P).",
        "The recipe calls for sugar (Q).",
        "The oven temperature is correct (T)."
      ],
      "hidden_logical_premises": [
        "(P ∧ Q) → R",
        "R → S",
        "P",
        "Q",
        "T"
      ],
      "natural_language_conclusion": "The cake will be fluffy (S).",
      "hidden_logical_conclusion": "S",
      "expected_operations": 3,
      "description": "Conjunction leading to compound antecedent",
      "solution": "Translate: P = 'Flour', Q = 'Sugar', R = 'Cake rises', S = 'Cake fluffy', T = 'Correct temp'. Apply Conjunction to P and Q to get P ∧ Q. Apply Modus Ponens to (P ∧ Q) → R to get R. Apply Modus Ponens to R → S to get S.",
      "variable_definitions": {
        "P": "the recipe calls for flour",
        "Q": "the recipe calls for sugar",
        "R": "the cake will rise",
        "S": "it will be fluffy",
        "T": "the oven temperature is correct"
      },
      "interpretation_hints": [
        "Combine premises to satisfy compound antecedent",
        "Follow the chain through multiple steps"
      ]
    },
    {
      "natural_language_premises": [
        "Either we work overtime (P) or we miss the deadline (Q).",
        "If we work overtime (P), then the team is exhausted (R).",
        "If we miss the deadline (Q), then clients are angry (S).",
        "We work overtime (P).",
        "The project budget is limited (T)."
      ],
      "hidden_logical_premises": [
        "P ∨ Q",
        "P → R",
        "Q → S",
        "P",
        "T"
      ],
      "natural_language_conclusion": "The team is exhausted (R).",
      "hidden_logical_conclusion": "R",
      "expected_operations": 2,
      "description": "Constructive Dilemma branch selection",
      "solution": "Translate: P = 'Work overtime', Q = 'Miss deadline', R = 'Team exhausted', S = 'Clients angry', T = 'Budget limited'. Since P is true, apply Modus Ponens to P → R to get R.",
      "variable_definitions": {
        "P": "we work overtime",
        "Q": "we miss the deadline",
        "R": "the team is exhausted",
        "S": "clients are angry",
        "T": "the project budget is limited"
      },
      "interpretation_hints": [
        "When one branch of a dilemma is true, follow that path",
        "Apply the corresponding conditional"
      ]
    },
    {
      "natural_language_premises": [
        "Either the email was received (P) or it was lost (Q).",
        "If the email was received (P), then it is in the inbox (R).",
        "If it is in the inbox (R), then it was read (S).",
        "The email was not lost (¬Q).",
        "The inbox has notifications enabled (T)."
      ],
      "hidden_logical_premises": [
        "P ∨ Q",
        "P → R",
        "R → S",
        "¬Q",
        "T"
      ],
      "natural_language_conclusion": "The email was read (S).",
      "hidden_logical_conclusion": "S",
      "expected_operations": 3,
      "description": "Disjunctive Syllogism with chain",
      "solution": "Translate: P = 'Email received', Q = 'Email lost', R = 'In inbox', S = 'Email read', T = 'Notifications on'. From P ∨ Q and ¬Q, deduce P. Apply Modus Ponens to P → R to get R. Apply Modus Ponens to R → S to get S.",
      "variable_definitions": {
        "P": "the email was received",
        "Q": "it was lost",
        "R": "it is in the inbox",
        "S": "it was read",
        "T": "the inbox has notifications enabled"
      },
      "interpretation_hints": [
        "Eliminate one option from the disjunction",
        "Use the result to start a chain"
      ]
    },
    {
      "natural_language_premises": [
        "If the server is running (P), then both the website is online (Q) and database is accessible (R).",
        "If the website is online (Q), then users can browse products (S).",
        "If the database is accessible (R), then inventory is updated (T).",
        "The server is running (P).",
        "The internet connection is stable (U)."
      ],
      "hidden_logical_premises": [
        "P → (Q ∧ R)",
        "Q → S",
        "R → T",
        "P",
        "U"
      ],
      "natural_language_conclusion": "Users can browse products (S).",
      "hidden_logical_conclusion": "S",
      "expected_operations": 3,
      "description": "Compound consequent with selective path",
      "solution": "Translate: P = 'Server running', Q = 'Website online', R = 'Database accessible', S = 'Browse products', T = 'Inventory updated', U = 'Connection stable'. Apply Modus Ponens to P → (Q ∧ R) to get Q ∧ R. Extract Q using Simplification. Apply Modus Ponens to Q → S to get S.",
      "variable_definitions": {
        "P": "the server is running",
        "Q": "the website is online",
        "R": "the database is accessible",
        "S": "users can browse products",
        "T": "inventory is updated",
        "U": "the internet connection is stable"
      },
      "interpretation_hints": [
        "Extract the needed component from compound result",
        "Follow one path from the compound structure",
        "Not all consequences need to be used"
      ]
    },
    {
      "natural_language_premises": [
        "If the alarm is set (P), then we wake up on time (Q).",
        "If we wake up on time (Q), then we have breakfast (R).",
        "If we have breakfast (R), then we have energy (S).",
        "We do not wake up on time (¬Q)."
      ],
      "hidden_logical_premises": [
        "P → Q",
        "Q → R",
        "R → S",
        "¬Q"
      ],
      "natural_language_conclusion": "The alarm is not set (¬P).",
      "hidden_logical_conclusion": "¬P",
      "expected_operations": 2,
      "description": "Backward chain with Modus Tollens",
      "solution": "Translate: P = 'Alarm set', Q = 'Wake on time', R = 'Have breakfast', S = 'Have energy'. Apply Modus Tollens to P → Q and ¬Q to get ¬P.",
      "variable_definitions": {
        "P": "the alarm is set",
        "Q": "we wake up on time",
        "R": "we have breakfast",
        "S": "we have energy"
      },
      "interpretation_hints": [
        "Work backwards from a false consequence",
        "Use Modus Tollens to trace back the chain"
      ]
    },
    {
      "natural_language_premises": [
        "Either the promotion is active (P) or it has expired (Q).",
        "If the promotion is active (P), then the discount applies (R).",
        "If the discount applies (R), then the customer saves money (S).",
        "If the customer saves money (S), then they are satisfied (T).",
        "The promotion has not expired (¬Q).",
        "The customer has a membership card (U)."
      ],
      "hidden_logical_premises": [
        "P ∨ Q",
        "P → R",
        "R → S",
        "S → T",
        "¬Q",
        "U"
      ],
      "natural_language_conclusion": "The customer is satisfied (T).",
      "hidden_logical_conclusion": "T",
      "expected_operations": 3,
      "description": "Disjunctive Syllogism with three-step chain",
      "solution": "Translate: P = 'Promotion active', Q = 'Promotion expired', R = 'Discount applies', S = 'Save money', T = 'Satisfied', U = 'Membership card'. From P ∨ Q and ¬Q, deduce P. Chain P → R → S → T using Hypothetical Syllogism to get P → T, then apply Modus Ponens with P to get T.",
      "variable_definitions": {
        "P": "the promotion is active",
        "Q": "it has expired",
        "R": "the discount applies",
        "S": "the customer saves money",
        "T": "they are satisfied",
        "U": "the customer has a membership card"
      },
      "interpretation_hints": [
        "Determine truth from the disjunction",
        "Build a complete chain of consequences"
      ]
    },
    {
      "natural_language_premises": [
        "If the meeting is important (P), then it requires preparation (Q).",
        "If it requires preparation (Q), then we need an agenda (R).",
        "If we need an agenda (R), then a document is created (S).",
        "If a document is created (S), then it is shared with attendees (T).",
        "The meeting is important (P).",
        "The conference room is available (U)."
      ],
      "hidden_logical_premises": [
        "P → Q",
        "Q → R",
        "R → S",
        "S → T",
        "P",
        "U"
      ],
      "natural_language_conclusion": "The document is shared with attendees (T).",
      "hidden_logical_conclusion": "T",
      "expected_operations": 3,
      "description": "Four-step implication chain",
      "solution": "Translate: P = 'Meeting important', Q = 'Needs prep', R = 'Need agenda', S = 'Document created', T = 'Shared with attendees', U = 'Room available'. Chain all four conditionals: P → Q → R → S → T. Apply Hypothetical Syllogism three times to build P → T, then apply Modus Ponens with P to get T.",
      "variable_definitions": {
        "P": "the meeting is important",
        "Q": "it requires preparation",
        "R": "we need an agenda",
        "S": "a document is created",
        "T": "it is shared with attendees",
        "U": "the conference room is available"
      },
      "interpretation_hints": [
        "Build the entire chain step-by-step",
        "Each step leads directly to the next",
        "One fact is not needed for the logical chain"
      ]
    }
  ]
}
