{
  "rule_name": "Distributivity",
  "description": "Distributivity allows us to distribute one operator over another. \"P and (Q or R)\" is equivalent to \"(P and Q) or (P and R)\". Similarly, \"P or (Q and R)\" equals \"(P or Q) and (P or R)\".",
  "rule_pattern": "P ∨ (Q ∧ R) ⊢ (P ∨ Q) ∧ (P ∨ R)",
  "tutorial_key": "distributivity",
  "problems": [
    {
      "problem_number": 1,
      "difficulty": "Easy",
      "premises": [
        "P ∧ (Q ∨ R)"
      ],
      "conclusion": "(P ∧ Q) ∨ (P ∧ R)",
      "solution": "Apply Distributivity of AND over OR."
    },
    {
      "problem_number": 2,
      "difficulty": "Easy",
      "premises": [
        "A ∨ (B ∧ C)"
      ],
      "conclusion": "(A ∨ B) ∧ (A ∨ C)",
      "solution": "Apply Distributivity of OR over AND."
    },
    {
      "problem_number": 3,
      "difficulty": "Easy",
      "premises": [
        "R ∧ (S ∨ T)"
      ],
      "conclusion": "(R ∧ S) ∨ (R ∧ T)",
      "solution": "Direct application of Distributivity."
    },
    {
      "problem_number": 6,
      "difficulty": "Medium",
      "premises": [
        "P ∧ (Q ∨ R ∨ S)"
      ],
      "conclusion": "(P ∧ Q) ∨ (P ∧ R) ∨ (P ∧ S)",
      "solution": "Apply Distributivity multiple times."
    },
    {
      "problem_number": 7,
      "difficulty": "Hard",
      "premises": [
        "(P ∧ Q) ∨ (R ∧ S)"
      ],
      "conclusion": "(P ∨ R) ∧ (P ∨ S) ∧ (Q ∨ R) ∧ (Q ∨ S)",
      "solution": "Apply Distributivity in both directions to fully expand."
    },
    {
      "problem_number": 8,
      "difficulty": "Hard",
      "premises": [
        "P ∧ ((Q ∨ R) ∧ S)"
      ],
      "conclusion": "(P ∧ Q ∧ S) ∨ (P ∧ R ∧ S)",
      "solution": "Apply nested Distributivity."
    },
    {
      "problem_number": 10,
      "difficulty": "Very Hard",
      "premises": [
        "(P ∨ Q) ∧ (R ∨ S)"
      ],
      "conclusion": "(P ∧ R) ∨ (P ∧ S) ∨ (Q ∧ R) ∨ (Q ∧ S)",
      "solution": "Apply Distributivity twice to fully expand the expression."
  ]
}
